_id,characteristics,name,photos
610998b3254c6027f59c747b,"{'Основа': 'Флизелин', 'Материал верхнего слоя обоев': 'Винил горячего тиснения', 'Ширина (м)': '1.06', 'Назначение': 'Гостиная, Спальня, Офис, Гардеробная', 'Цветовая палитра': 'Фиолетовый', 'Цвет': 'Фиолетовый', 'Раппорт (см)': '64', 'Рисунок': 'Дерево', 'Стиль': 'Шарм', 'Уход': 'Моющийся', 'Покрытие': 'Матовый', 'Рельеф': 'Структурный', 'Тип продукта': 'Обои', 'Тип клея': 'Флизелин', 'Тип соединения': 'С подбором рисунка', 'Страна производства': 'Россия', 'Марка': 'VOG COLLECTION', 'Модель продукта': '90077-65', 'Длина (м)': '10.0', 'Коллекция': 'Венский лес', 'Класс пожарной безопасности (российский стандарт)': 'KM3', 'Устойчивость к воздействию солнечного света': 'Высокая прочность', 'Тип упаковки': 'Термоусадочная упаковка', 'Вес, кг': '2.514'}",Обои флизелиновые Vog Collection Венский лес фиолетовые 1.06 м 90077-65,"['https://res.cloudinary.com/lmru/image/upload/f_auto,q_auto,w_82,h_82,c_pad,b_white,d_photoiscoming.png/LMCode/82638511.jpg', 'https://res.cloudinary.com/lmru/image/upload/f_auto,q_auto,w_1200,h_1200,c_pad,b_white,d_photoiscoming.png/LMCode/82638511.jpg', 'https://res.cloudinary.com/lmru/image/upload/f_auto,q_auto,w_82,h_82,c_pad,b_white,d_photoiscoming.png/LMCode/82638511_01.jpg', 'https://res.cloudinary.com/lmru/image/upload/f_auto,q_auto,w_1200,h_1200,c_pad,b_white,d_photoiscoming.png/LMCode/82638511_01.jpg', 'https://res.cloudinary.com/lmru/image/upload/f_auto,q_auto,w_82,h_82,c_pad,b_white,d_photoiscoming.png/LMCode/82638511_02.jpg', 'https://res.cloudinary.com/lmru/image/upload/f_auto,q_auto,w_1200,h_1200,c_pad,b_white,d_photoiscoming.png/LMCode/82638511_02.jpg', 'https://res.cloudinary.com/lmru/image/upload/f_auto,q_auto,w_82,h_82,c_pad,b_white,d_photoiscoming.png/LMCode/82638511_i.jpg', 'https://res.cloudinary.com/lmru/image/upload/f_auto,q_auto,w_1200,h_1200,c_pad,b_white,d_photoiscoming.png/LMCode/82638511_i.jpg']"
610998b3254c6027f59c747c,"{'Основа': 'Флизелин', 'Материал верхнего слоя обоев': 'Винил горячего тиснения', 'Ширина (м)': '1.06', 'Назначение': 'Гостиная, Спальня, Офис, Гардеробная', 'Цветовая палитра': 'Серый / Серебристый', 'Цвет': 'Серый', 'Раппорт (см)': '0', 'Рисунок': 'Однотонный', 'Уход': 'Моющийся', 'Покрытие': 'Перламутровый', 'Тип продукта': 'Обои', 'Тип клея': 'Флизелин', 'Тип соединения': 'Без подбора рисунка', 'Страна производства': 'Россия', 'Марка': 'INSPIRE', 'Коллекция': 'Pablo', 'Тип упаковки': 'Термоусадочная упаковка', 'Вес, кг': '2.382'}",Обои флизелиновые Inspire Pablo серые 1.06 м,"['https://res.cloudinary.com/lmru/image/upload/f_auto,q_auto,w_82,h_82,c_pad,b_white,d_photoiscoming.png/LMCode/82634038.jpg', 'https://res.cloudinary.com/lmru/image/upload/f_auto,q_auto,w_1200,h_1200,c_pad,b_white,d_photoiscoming.png/LMCode/82634038.jpg', 'https://res.cloudinary.com/lmru/image/upload/f_auto,q_auto,w_82,h_82,c_pad,b_white,d_photoiscoming.png/LMCode/82634038_01.jpg', 'https://res.cloudinary.com/lmru/image/upload/f_auto,q_auto,w_1200,h_1200,c_pad,b_white,d_photoiscoming.png/LMCode/82634038_01.jpg', 'https://res.cloudinary.com/lmru/image/upload/f_auto,q_auto,w_82,h_82,c_pad,b_white,d_photoiscoming.png/LMCode/82634038_02.jpg', 'https://res.cloudinary.com/lmru/image/upload/f_auto,q_auto,w_1200,h_1200,c_pad,b_white,d_photoiscoming.png/LMCode/82634038_02.jpg', 'https://res.cloudinary.com/lmru/image/upload/f_auto,q_auto,w_82,h_82,c_pad,b_white,d_photoiscoming.png/LMCode/82634038_i.jpg', 'https://res.cloudinary.com/lmru/image/upload/f_auto,q_auto,w_1200,h_1200,c_pad,b_white,d_photoiscoming.png/LMCode/82634038_i.jpg', 'https://res.cloudinary.com/lmru/image/upload/f_auto,q_auto,w_82,h_82,c_pad,b_white,d_photoiscoming.png/LMCode/82634038_i_01.jpg', 'https://res.cloudinary.com/lmru/image/upload/f_auto,q_auto,w_1200,h_1200,c_pad,b_white,d_photoiscoming.png/LMCode/82634038_i_01.jpg', 'https://res.cloudinary.com/lmru/image/upload/f_auto,q_auto,w_82,h_82,c_pad,b_white,d_photoiscoming.png/LMCode/82634038_i_02.jpg', 'https://res.cloudinary.com/lmru/image/upload/f_auto,q_auto,w_1200,h_1200,c_pad,b_white,d_photoiscoming.png/LMCode/82634038_i_02.jpg', 'https://res.cloudinary.com/lmru/image/upload/f_auto,q_auto,w_82,h_82,c_pad,b_white,d_photoiscoming.png/LMCode/82634038_i_03.jpg', 'https://res.cloudinary.com/lmru/image/upload/f_auto,q_auto,w_1200,h_1200,c_pad,b_white,d_photoiscoming.png/LMCode/82634038_i_03.jpg']"
610998b3254c6027f59c747d,"{'Основа': 'Флизелин', 'Материал верхнего слоя обоев': 'Винил горячего тиснения', 'Ширина (м)': '1.06', 'Назначение': 'Гостиная, Спальня, Офис, Гардеробная', 'Цветовая палитра': 'Серый / Серебристый', 'Цвет': 'Серебристый', 'Раппорт (см)': '64', 'Рисунок': 'Однотонный', 'Стиль': 'Шарм', 'Уход': 'Моющийся', 'Покрытие': 'Перламутровый', 'Рельеф': 'Структурный', 'Тип продукта': 'Обои', 'Тип клея': 'Флизелин', 'Тип соединения': 'С подбором рисунка', 'Страна производства': 'Россия', 'Марка': 'HOME COLOR', 'Модель продукта': 'HC71542-14', 'Длина (м)': '10.0', 'Коллекция': 'Colibri', 'Класс пожарной безопасности (российский стандарт)': 'KM3', 'Устойчивость к воздействию солнечного света': 'Высокая прочность', 'Тип упаковки': 'Термоусадочная упаковка', 'Вес, кг': '2.355'}",Обои флизелиновые Home Color Colibri серые 1.06 м HC71542-14,"['https://res.cloudinary.com/lmru/image/upload/f_auto,q_auto,w_82,h_82,c_pad,b_white,d_photoiscoming.png/LMCode/82770551.jpg', 'https://res.cloudinary.com/lmru/image/upload/f_auto,q_auto,w_1200,h_1200,c_pad,b_white,d_photoiscoming.png/LMCode/82770551.jpg', 'https://res.cloudinary.com/lmru/image/upload/f_auto,q_auto,w_82,h_82,c_pad,b_white,d_photoiscoming.png/LMCode/82770551_01.jpg', 'https://res.cloudinary.com/lmru/image/upload/f_auto,q_auto,w_1200,h_1200,c_pad,b_white,d_photoiscoming.png/LMCode/82770551_01.jpg', 'https://res.cloudinary.com/lmru/image/upload/f_auto,q_auto,w_82,h_82,c_pad,b_white,d_photoiscoming.png/LMCode/82770551_i_01.jpg', 'https://res.cloudinary.com/lmru/image/upload/f_auto,q_auto,w_1200,h_1200,c_pad,b_white,d_photoiscoming.png/LMCode/82770551_i_01.jpg', 'https://res.cloudinary.com/lmru/image/upload/f_auto,q_auto,w_82,h_82,c_pad,b_white,d_photoiscoming.png/LMCode/82770551_i_02.jpg', 'https://res.cloudinary.com/lmru/image/upload/f_auto,q_auto,w_1200,h_1200,c_pad,b_white,d_photoiscoming.png/LMCode/82770551_i_02.jpg']"
610998b3254c6027f59c747e,"{'Основа': 'Флизелин', 'Материал верхнего слоя обоев': 'Винил горячего тиснения', 'Ширина (м)': '1.06', 'Назначение': 'Гостиная, Спальня, Офис, Гардеробная', 'Цветовая палитра': 'Бежевый', 'Цвет': 'Бежевый', 'Раппорт (см)': '0', 'Рисунок': 'Однотонный', 'Стиль': 'Природный', 'Уход': 'Моющийся', 'Покрытие': 'Матовый', 'Рельеф': 'Структурный', 'Тип продукта': 'Обои', 'Тип клея': 'Винил', 'Тип соединения': 'Без подбора рисунка', 'Страна производства': 'Россия', 'Марка': 'WALL DECOR', 'Модель продукта': '75080-28', 'Длина (м)': '10.0', 'Коллекция': 'Саванна', 'Класс пожарной безопасности (российский стандарт)': 'КМ2', 'Устойчивость к воздействию солнечного света': 'Высокая прочность', 'Тип упаковки': 'Термоусадочная упаковка', 'Вес, кг': '2.175'}",Обои флизелиновые WallDecor бежевые 1.06 м 75080-28,"['https://res.cloudinary.com/lmru/image/upload/f_auto,q_auto,w_82,h_82,c_pad,b_white,d_photoiscoming.png/LMCode/82561015.jpg', 'https://res.cloudinary.com/lmru/image/upload/f_auto,q_auto,w_1200,h_1200,c_pad,b_white,d_photoiscoming.png/LMCode/82561015.jpg', 'https://res.cloudinary.com/lmru/image/upload/f_auto,q_auto,w_82,h_82,c_pad,b_white,d_photoiscoming.png/LMCode/82561015_01.jpg', 'https://res.cloudinary.com/lmru/image/upload/f_auto,q_auto,w_1200,h_1200,c_pad,b_white,d_photoiscoming.png/LMCode/82561015_01.jpg', 'https://res.cloudinary.com/lmru/image/upload/f_auto,q_auto,w_82,h_82,c_pad,b_white,d_photoiscoming.png/LMCode/82561015_i_01.jpg', 'https://res.cloudinary.com/lmru/image/upload/f_auto,q_auto,w_1200,h_1200,c_pad,b_white,d_photoiscoming.png/LMCode/82561015_i_01.jpg', 'https://res.cloudinary.com/lmru/image/upload/f_auto,q_auto,w_82,h_82,c_pad,b_white,d_photoiscoming.png/LMCode/82561015_i_02.jpg', 'https://res.cloudinary.com/lmru/image/upload/f_auto,q_auto,w_1200,h_1200,c_pad,b_white,d_photoiscoming.png/LMCode/82561015_i_02.jpg']"
610998b3254c6027f59c747f,"{'Основа': 'Флизелин', 'Материал верхнего слоя обоев': 'Винил горячего тиснения', 'Ширина (м)': '1.06', 'Назначение': 'Гостиная, Спальня, Офис, Гардеробная', 'Цветовая палитра': 'Серый / Серебристый', 'Цвет': 'Темно-серый', 'Раппорт (см)': '64', 'Рисунок': 'Штукатурка', 'Уход': 'Моющийся', 'Покрытие': 'Матовый', 'Рельеф': 'Структурный', 'Тип продукта': 'Обои', 'Тип клея': 'Флизелин', 'Тип соединения': 'С подбором рисунка', 'Страна производства': 'Россия', 'Марка': 'INSPIRE', 'Модель продукта': '4348-21', 'Длина (м)': '10.0', 'Коллекция': 'Inspire loft', 'Устойчивость к воздействию солнечного света': 'Высокая прочность', 'Тип упаковки': 'Термоусадочная упаковка', 'Вес, кг': '2.596'}",Обои флизелиновые Inspire loft серые 1.06 м 4348-21,"['https://res.cloudinary.com/lmru/image/upload/f_auto,q_auto,w_82,h_82,c_pad,b_white,d_photoiscoming.png/LMCode/18879851.jpg', 'https://res.cloudinary.com/lmru/image/upload/f_auto,q_auto,w_1200,h_1200,c_pad,b_white,d_photoiscoming.png/LMCode/18879851.jpg', 'https://res.cloudinary.com/lmru/image/upload/f_auto,q_auto,w_82,h_82,c_pad,b_white,d_photoiscoming.png/LMCode/18879851_01.jpg', 'https://res.cloudinary.com/lmru/image/upload/f_auto,q_auto,w_1200,h_1200,c_pad,b_white,d_photoiscoming.png/LMCode/18879851_01.jpg', 'https://res.cloudinary.com/lmru/image/upload/f_auto,q_auto,w_82,h_82,c_pad,b_white,d_photoiscoming.png/LMCode/18879851_02.jpg', 'https://res.cloudinary.com/lmru/image/upload/f_auto,q_auto,w_1200,h_1200,c_pad,b_white,d_photoiscoming.png/LMCode/18879851_02.jpg', 'https://res.cloudinary.com/lmru/image/upload/f_auto,q_auto,w_82,h_82,c_pad,b_white,d_photoiscoming.png/LMCode/18879851_i.jpg', 'https://res.cloudinary.com/lmru/image/upload/f_auto,q_auto,w_1200,h_1200,c_pad,b_white,d_photoiscoming.png/LMCode/18879851_i.jpg']"
610998b3254c6027f59c7480,"{'Основа': 'Флизелин', 'Материал верхнего слоя обоев': 'Винил горячего тиснения', 'Ширина (м)': '1.06', 'Назначение': 'Гостиная, Спальня, Офис, Гардеробная', 'Цветовая палитра': 'Серый / Серебристый', 'Цвет': 'Серый', 'Раппорт (см)': '0', 'Рисунок': 'Однотонный', 'Стиль': 'Шарм', 'Уход': 'Моющийся', 'Покрытие': 'Матовый', 'Рельеф': 'Структурный', 'Тип продукта': 'Обои', 'Тип клея': 'Флизелин', 'Тип соединения': 'Без подбора рисунка', 'Страна производства': 'Россия', 'Марка': 'VICTORIA STENOVA', 'Модель продукта': '889621', 'Длина (м)': '10.0', 'Коллекция': 'Michelle', 'Класс пожарной безопасности (российский стандарт)': 'KM3', 'Устойчивость к воздействию солнечного света': 'Средний', 'Тип упаковки': 'Термоусадочная упаковка', 'Вес, кг': '2.801'}",Обои флизелиновые Victoria Stenova Michelle серые 1.06 м 889621,"['https://res.cloudinary.com/lmru/image/upload/f_auto,q_auto,w_82,h_82,c_pad,b_white,d_photoiscoming.png/LMCode/84534400.jpg', 'https://res.cloudinary.com/lmru/image/upload/f_auto,q_auto,w_1200,h_1200,c_pad,b_white,d_photoiscoming.png/LMCode/84534400.jpg', 'https://res.cloudinary.com/lmru/image/upload/f_auto,q_auto,w_82,h_82,c_pad,b_white,d_photoiscoming.png/LMCode/84534400_01.jpg', 'https://res.cloudinary.com/lmru/image/upload/f_auto,q_auto,w_1200,h_1200,c_pad,b_white,d_photoiscoming.png/LMCode/84534400_01.jpg', 'https://res.cloudinary.com/lmru/image/upload/f_auto,q_auto,w_82,h_82,c_pad,b_white,d_photoiscoming.png/LMCode/84534400_i_03.jpg', 'https://res.cloudinary.com/lmru/image/upload/f_auto,q_auto,w_1200,h_1200,c_pad,b_white,d_photoiscoming.png/LMCode/84534400_i_03.jpg', 'https://res.cloudinary.com/lmru/image/upload/f_auto,q_auto,w_82,h_82,c_pad,b_white,d_photoiscoming.png/LMCode/84534400_i_04.jpg', 'https://res.cloudinary.com/lmru/image/upload/f_auto,q_auto,w_1200,h_1200,c_pad,b_white,d_photoiscoming.png/LMCode/84534400_i_04.jpg']"
610998b3254c6027f59c7481,"{'Основа': 'Флизелин', 'Материал верхнего слоя обоев': 'Вспененный винил', 'Ширина (м)': '1.06', 'Назначение': 'Гостиная, Спальня, Офис, Гардеробная', 'Цветовая палитра': 'Бежевый', 'Цвет': 'Бежевый', 'Раппорт (см)': '0', 'Рисунок': 'Штукатурка', 'Стиль': 'Нео-классика', 'Уход': 'Моющийся', 'Покрытие': 'Матовый', 'Рельеф': 'Структурный', 'Тип продукта': 'Обои', 'Тип клея': 'Флизелин', 'Тип соединения': 'Без подбора рисунка', 'Страна производства': 'Россия', 'Модель продукта': 'SP31127-21', 'Длина (м)': '10.05', 'Коллекция': 'Simple', 'Класс пожарной безопасности (российский стандарт)': 'KM3', 'Устойчивость к воздействию солнечного света': 'Высокая прочность', 'Тип упаковки': 'Термоусадочная упаковка', 'Вес, кг': '1.305'}",Обои флизелиновые Simple Misty бежевые 1.06 м 31127-21,"['https://res.cloudinary.com/lmru/image/upload/f_auto,q_auto,w_82,h_82,c_pad,b_white,d_photoiscoming.png/LMCode/83860227.jpg', 'https://res.cloudinary.com/lmru/image/upload/f_auto,q_auto,w_1200,h_1200,c_pad,b_white,d_photoiscoming.png/LMCode/83860227.jpg', 'https://res.cloudinary.com/lmru/image/upload/f_auto,q_auto,w_82,h_82,c_pad,b_white,d_photoiscoming.png/LMCode/83860227_01.jpg', 'https://res.cloudinary.com/lmru/image/upload/f_auto,q_auto,w_1200,h_1200,c_pad,b_white,d_photoiscoming.png/LMCode/83860227_01.jpg', 'https://res.cloudinary.com/lmru/image/upload/f_auto,q_auto,w_82,h_82,c_pad,b_white,d_photoiscoming.png/LMCode/83860227_i_01.jpg', 'https://res.cloudinary.com/lmru/image/upload/f_auto,q_auto,w_1200,h_1200,c_pad,b_white,d_photoiscoming.png/LMCode/83860227_i_01.jpg', 'https://res.cloudinary.com/lmru/image/upload/f_auto,q_auto,w_82,h_82,c_pad,b_white,d_photoiscoming.png/LMCode/83860227_i_02.jpg', 'https://res.cloudinary.com/lmru/image/upload/f_auto,q_auto,w_1200,h_1200,c_pad,b_white,d_photoiscoming.png/LMCode/83860227_i_02.jpg']"
610998b4254c6027f59c7482,"{'Основа': 'Флизелин', 'Материал верхнего слоя обоев': 'Винил горячего тиснения', 'Ширина (м)': '1.06', 'Назначение': 'Гостиная, Спальня, Офис, Гардеробная', 'Цветовая палитра': 'Серый / Серебристый', 'Цвет': 'Светло-фиолетовый', 'Раппорт (см)': '0', 'Рисунок': 'Штукатурка', 'Уход': 'Моющийся', 'Покрытие': 'Матовый', 'Рельеф': 'Гладкий', 'Тип продукта': 'Обои', 'Тип клея': 'Флизелин', 'Тип соединения': 'Без подбора рисунка', 'Страна производства': 'Россия', 'Марка': 'АРТЕКС', 'Модель продукта': '10279-61', 'Длина (м)': '10.0', 'Коллекция': 'Аркада', 'Класс пожарной безопасности (российский стандарт)': 'КМ2', 'Устойчивость к воздействию солнечного света': 'Высокая прочность', 'Тип упаковки': 'Термоусадочная упаковка', 'Вес, кг': '2.23'}",Обои флизелиновые Артекс Аркада серые 1.06 м 10279-61,"['https://res.cloudinary.com/lmru/image/upload/f_auto,q_auto,w_82,h_82,c_pad,b_white,d_photoiscoming.png/LMCode/82637374.jpg', 'https://res.cloudinary.com/lmru/image/upload/f_auto,q_auto,w_1200,h_1200,c_pad,b_white,d_photoiscoming.png/LMCode/82637374.jpg', 'https://res.cloudinary.com/lmru/image/upload/f_auto,q_auto,w_82,h_82,c_pad,b_white,d_photoiscoming.png/LMCode/82637374_01.jpg', 'https://res.cloudinary.com/lmru/image/upload/f_auto,q_auto,w_1200,h_1200,c_pad,b_white,d_photoiscoming.png/LMCode/82637374_01.jpg', 'https://res.cloudinary.com/lmru/image/upload/f_auto,q_auto,w_82,h_82,c_pad,b_white,d_photoiscoming.png/LMCode/82637374_02.jpg', 'https://res.cloudinary.com/lmru/image/upload/f_auto,q_auto,w_1200,h_1200,c_pad,b_white,d_photoiscoming.png/LMCode/82637374_02.jpg', 'https://res.cloudinary.com/lmru/image/upload/f_auto,q_auto,w_82,h_82,c_pad,b_white,d_photoiscoming.png/LMCode/82637374_i.jpg', 'https://res.cloudinary.com/lmru/image/upload/f_auto,q_auto,w_1200,h_1200,c_pad,b_white,d_photoiscoming.png/LMCode/82637374_i.jpg', 'https://res.cloudinary.com/lmru/image/upload/f_auto,q_auto,w_82,h_82,c_pad,b_white,d_photoiscoming.png/LMCode/82637374_i_01.jpg', 'https://res.cloudinary.com/lmru/image/upload/f_auto,q_auto,w_1200,h_1200,c_pad,b_white,d_photoiscoming.png/LMCode/82637374_i_01.jpg']"
610998b4254c6027f59c7483,"{'Основа': 'Флизелин', 'Материал верхнего слоя обоев': 'Винил горячего тиснения', 'Ширина (м)': '1.06', 'Назначение': 'Гостиная, Спальня, Офис, Гардеробная', 'Цветовая палитра': 'Бежевый', 'Цвет': 'Светло-бежевый', 'Раппорт (см)': '0', 'Рисунок': 'Однотонный', 'Стиль': 'Природный', 'Уход': 'Моющийся', 'Покрытие': 'Матовый', 'Рельеф': 'Гладкий', 'Тип продукта': 'Обои', 'Тип клея': 'Флизелин', 'Тип соединения': 'Без подбора рисунка', 'Страна производства': 'Россия', 'Марка': 'EURO DECOR', 'Модель продукта': '7014-01', 'Длина (м)': '10.05', 'Коллекция': 'Thea', 'Класс пожарной безопасности (российский стандарт)': 'KM3', 'Устойчивость к воздействию солнечного света': 'Высокая прочность', 'Тип упаковки': 'Термоусадочная упаковка', 'Вес, кг': '2.798'}",Обои флизелиновые Euro Decor Thea бежевые 1.06 м 7014-01,"['https://res.cloudinary.com/lmru/image/upload/f_auto,q_auto,w_82,h_82,c_pad,b_white,d_photoiscoming.png/LMCode/82377842.jpg', 'https://res.cloudinary.com/lmru/image/upload/f_auto,q_auto,w_1200,h_1200,c_pad,b_white,d_photoiscoming.png/LMCode/82377842.jpg', 'https://res.cloudinary.com/lmru/image/upload/f_auto,q_auto,w_82,h_82,c_pad,b_white,d_photoiscoming.png/LMCode/82377842_01.jpg', 'https://res.cloudinary.com/lmru/image/upload/f_auto,q_auto,w_1200,h_1200,c_pad,b_white,d_photoiscoming.png/LMCode/82377842_01.jpg', 'https://res.cloudinary.com/lmru/image/upload/f_auto,q_auto,w_82,h_82,c_pad,b_white,d_photoiscoming.png/LMCode/82377842_02.jpg', 'https://res.cloudinary.com/lmru/image/upload/f_auto,q_auto,w_1200,h_1200,c_pad,b_white,d_photoiscoming.png/LMCode/82377842_02.jpg', 'https://res.cloudinary.com/lmru/image/upload/f_auto,q_auto,w_82,h_82,c_pad,b_white,d_photoiscoming.png/LMCode/82377842_i.jpg', 'https://res.cloudinary.com/lmru/image/upload/f_auto,q_auto,w_1200,h_1200,c_pad,b_white,d_photoiscoming.png/LMCode/82377842_i.jpg', 'https://res.cloudinary.com/lmru/image/upload/f_auto,q_auto,w_82,h_82,c_pad,b_white,d_photoiscoming.png/LMCode/82377842_i_01.jpg', 'https://res.cloudinary.com/lmru/image/upload/f_auto,q_auto,w_1200,h_1200,c_pad,b_white,d_photoiscoming.png/LMCode/82377842_i_01.jpg', 'https://res.cloudinary.com/lmru/image/upload/f_auto,q_auto,w_82,h_82,c_pad,b_white,d_photoiscoming.png/LMCode/82377842_i_02.jpg', 'https://res.cloudinary.com/lmru/image/upload/f_auto,q_auto,w_1200,h_1200,c_pad,b_white,d_photoiscoming.png/LMCode/82377842_i_02.jpg']"
610998b4254c6027f59c7484,"{'Основа': 'Флизелин', 'Материал верхнего слоя обоев': 'Вспененный винил', 'Ширина (м)': '1.06', 'Назначение': 'Гостиная, Спальня, Офис, Гардеробная', 'Цветовая палитра': 'Серый / Серебристый', 'Цвет': 'Серый', 'Раппорт (см)': '0', 'Рисунок': 'Штукатурка', 'Стиль': 'Нео-классика', 'Уход': 'Моющийся', 'Покрытие': 'Матовый', 'Рельеф': 'Структурный', 'Тип продукта': 'Обои', 'Тип клея': 'Флизелин', 'Тип соединения': 'Без подбора рисунка', 'Страна производства': 'Россия', 'Модель продукта': 'SP31129-14', 'Длина (м)': '10.05', 'Коллекция': 'Simple', 'Класс пожарной безопасности (российский стандарт)': 'KM3', 'Устойчивость к воздействию солнечного света': 'Высокая прочность', 'Тип упаковки': 'Термоусадочная упаковка', 'Вес, кг': '1.267'}",Обои флизелиновые Simple EasyPro серые 1.06 м 31129-14,"['https://res.cloudinary.com/lmru/image/upload/f_auto,q_auto,w_82,h_82,c_pad,b_white,d_photoiscoming.png/LMCode/83860226.jpg', 'https://res.cloudinary.com/lmru/image/upload/f_auto,q_auto,w_1200,h_1200,c_pad,b_white,d_photoiscoming.png/LMCode/83860226.jpg', 'https://res.cloudinary.com/lmru/image/upload/f_auto,q_auto,w_82,h_82,c_pad,b_white,d_photoiscoming.png/LMCode/83860226_01.jpg', 'https://res.cloudinary.com/lmru/image/upload/f_auto,q_auto,w_1200,h_1200,c_pad,b_white,d_photoiscoming.png/LMCode/83860226_01.jpg', 'https://res.cloudinary.com/lmru/image/upload/f_auto,q_auto,w_82,h_82,c_pad,b_white,d_photoiscoming.png/LMCode/83860226_i_01.jpg', 'https://res.cloudinary.com/lmru/image/upload/f_auto,q_auto,w_1200,h_1200,c_pad,b_white,d_photoiscoming.png/LMCode/83860226_i_01.jpg', 'https://res.cloudinary.com/lmru/image/upload/f_auto,q_auto,w_82,h_82,c_pad,b_white,d_photoiscoming.png/LMCode/83860226_i_02.jpg', 'https://res.cloudinary.com/lmru/image/upload/f_auto,q_auto,w_1200,h_1200,c_pad,b_white,d_photoiscoming.png/LMCode/83860226_i_02.jpg']"
610998b4254c6027f59c7485,"{'Основа': 'Флизелин', 'Материал верхнего слоя обоев': 'Винил горячего тиснения', 'Ширина (м)': '1.06', 'Назначение': 'Гостиная, Спальня, Офис, Гардеробная', 'Цветовая палитра': 'Бежевый', 'Цвет': 'Бежевый', 'Раппорт (см)': '64', 'Рисунок': 'Абстрактный', 'Стиль': 'Дизайнерский', 'Уход': 'Моющийся', 'Покрытие': 'Блёстки', 'Рельеф': 'Структурный', 'Тип продукта': 'Обои', 'Тип клея': 'Флизелин', 'Тип соединения': 'С подбором рисунка', 'Страна производства': 'Россия', 'Марка': 'VICTORIA STENOVA', 'Модель продукта': '889012', 'Длина (м)': '10.0', 'Коллекция': 'Disco', 'Класс пожарной безопасности (российский стандарт)': 'KM3', 'Устойчивость к воздействию солнечного света': 'Средний', 'Тип упаковки': 'Термоусадочная упаковка', 'Вес, кг': '2.897'}",Обои флизелиновые Victoria Stenova Disco бежевые 1.06 VS889012,"['https://res.cloudinary.com/lmru/image/upload/f_auto,q_auto,w_82,h_82,c_pad,b_white,d_photoiscoming.png/LMCode/82410469.jpg', 'https://res.cloudinary.com/lmru/image/upload/f_auto,q_auto,w_1200,h_1200,c_pad,b_white,d_photoiscoming.png/LMCode/82410469.jpg', 'https://res.cloudinary.com/lmru/image/upload/f_auto,q_auto,w_82,h_82,c_pad,b_white,d_photoiscoming.png/LMCode/82410469_01.jpg', 'https://res.cloudinary.com/lmru/image/upload/f_auto,q_auto,w_1200,h_1200,c_pad,b_white,d_photoiscoming.png/LMCode/82410469_01.jpg', 'https://res.cloudinary.com/lmru/image/upload/f_auto,q_auto,w_82,h_82,c_pad,b_white,d_photoiscoming.png/LMCode/82410469_11.jpg', 'https://res.cloudinary.com/lmru/image/upload/f_auto,q_auto,w_1200,h_1200,c_pad,b_white,d_photoiscoming.png/LMCode/82410469_11.jpg', 'https://res.cloudinary.com/lmru/image/upload/f_auto,q_auto,w_82,h_82,c_pad,b_white,d_photoiscoming.png/LMCode/82410469_i.jpg', 'https://res.cloudinary.com/lmru/image/upload/f_auto,q_auto,w_1200,h_1200,c_pad,b_white,d_photoiscoming.png/LMCode/82410469_i.jpg', 'https://res.cloudinary.com/lmru/image/upload/f_auto,q_auto,w_82,h_82,c_pad,b_white,d_photoiscoming.png/LMCode/82410469_i_01.jpg', 'https://res.cloudinary.com/lmru/image/upload/f_auto,q_auto,w_1200,h_1200,c_pad,b_white,d_photoiscoming.png/LMCode/82410469_i_01.jpg']"
610998b4254c6027f59c7486,"{'Основа': 'Флизелин', 'Материал верхнего слоя обоев': 'Винил горячего тиснения', 'Ширина (м)': '1.06', 'Назначение': 'Гостиная, Спальня, Офис, Гардеробная', 'Цветовая палитра': 'Серый / Серебристый', 'Цвет': 'Фиолетовый, серый, бежевый', 'Раппорт (см)': '64', 'Рисунок': 'Однотонный', 'Стиль': 'Нео-классика', 'Уход': 'Моющийся', 'Покрытие': 'Матовый', 'Рельеф': 'Гладкий', 'Тип продукта': 'Обои', 'Тип клея': 'Флизелин', 'Тип соединения': 'С подбором рисунка', 'Страна производства': 'Россия', 'Марка': 'MONTE SOLARO', 'Модель продукта': '9069-11', 'Длина (м)': '10.0', 'Коллекция': 'Samui', 'Класс пожарной безопасности (российский стандарт)': 'KM3', 'Устойчивость к воздействию солнечного света': 'Средний', 'Тип упаковки': 'Термоусадочная упаковка', 'Вес, кг': '2.56'}",Обои флизелиновые Monte Solaro Samui серые 1.06 м 9069-11,"['https://res.cloudinary.com/lmru/image/upload/f_auto,q_auto,w_82,h_82,c_pad,b_white,d_photoiscoming.png/LMCode/83236231.jpg', 'https://res.cloudinary.com/lmru/image/upload/f_auto,q_auto,w_1200,h_1200,c_pad,b_white,d_photoiscoming.png/LMCode/83236231.jpg', 'https://res.cloudinary.com/lmru/image/upload/f_auto,q_auto,w_82,h_82,c_pad,b_white,d_photoiscoming.png/LMCode/83236231_01.jpg', 'https://res.cloudinary.com/lmru/image/upload/f_auto,q_auto,w_1200,h_1200,c_pad,b_white,d_photoiscoming.png/LMCode/83236231_01.jpg', 'https://res.cloudinary.com/lmru/image/upload/f_auto,q_auto,w_82,h_82,c_pad,b_white,d_photoiscoming.png/LMCode/83236231_i.jpg', 'https://res.cloudinary.com/lmru/image/upload/f_auto,q_auto,w_1200,h_1200,c_pad,b_white,d_photoiscoming.png/LMCode/83236231_i.jpg', 'https://res.cloudinary.com/lmru/image/upload/f_auto,q_auto,w_82,h_82,c_pad,b_white,d_photoiscoming.png/LMCode/83236231_i_01.jpg', 'https://res.cloudinary.com/lmru/image/upload/f_auto,q_auto,w_1200,h_1200,c_pad,b_white,d_photoiscoming.png/LMCode/83236231_i_01.jpg', 'https://res.cloudinary.com/lmru/image/upload/f_auto,q_auto,w_82,h_82,c_pad,b_white,d_photoiscoming.png/LMCode/83236231_i_02.jpg', 'https://res.cloudinary.com/lmru/image/upload/f_auto,q_auto,w_1200,h_1200,c_pad,b_white,d_photoiscoming.png/LMCode/83236231_i_02.jpg', 'https://res.cloudinary.com/lmru/image/upload/f_auto,q_auto,w_82,h_82,c_pad,b_white,d_photoiscoming.png/LMCode/83236231_i_03.jpg', 'https://res.cloudinary.com/lmru/image/upload/f_auto,q_auto,w_1200,h_1200,c_pad,b_white,d_photoiscoming.png/LMCode/83236231_i_03.jpg']"
610998b4254c6027f59c7487,"{'Основа': 'Флизелин', 'Материал верхнего слоя обоев': 'Винил горячего тиснения', 'Ширина (м)': '1.06', 'Назначение': 'Гостиная, Спальня, Офис, Гардеробная', 'Цветовая палитра': 'Серый / Серебристый', 'Цвет': 'Серый', 'Раппорт (см)': '0', 'Рисунок': 'Однотонный', 'Уход': 'Моющийся', 'Покрытие': 'Матовый', 'Рельеф': 'Структурный', 'Тип продукта': 'Обои', 'Тип клея': 'Флизелин', 'Тип соединения': 'Без подбора рисунка', 'Страна производства': 'Россия', 'Марка': 'ERISMANN', 'Модель продукта': '60151-03', 'Длина (м)': '10.0', 'Коллекция': 'Exclusive', 'Класс пожарной безопасности (российский стандарт)': 'KM3', 'Устойчивость к воздействию солнечного света': 'Высокая прочность', 'Тип упаковки': 'Термоусадочная упаковка', 'Вес, кг': '2.291'}",Обои флизелиновые Erismann Exclusive серые 1.06 м 60151-03,"['https://res.cloudinary.com/lmru/image/upload/f_auto,q_auto,w_82,h_82,c_pad,b_white,d_photoiscoming.png/LMCode/82633861.jpg', 'https://res.cloudinary.com/lmru/image/upload/f_auto,q_auto,w_1200,h_1200,c_pad,b_white,d_photoiscoming.png/LMCode/82633861.jpg', 'https://res.cloudinary.com/lmru/image/upload/f_auto,q_auto,w_82,h_82,c_pad,b_white,d_photoiscoming.png/LMCode/82633861_01.jpg', 'https://res.cloudinary.com/lmru/image/upload/f_auto,q_auto,w_1200,h_1200,c_pad,b_white,d_photoiscoming.png/LMCode/82633861_01.jpg', 'https://res.cloudinary.com/lmru/image/upload/f_auto,q_auto,w_82,h_82,c_pad,b_white,d_photoiscoming.png/LMCode/82633861_02.jpg', 'https://res.cloudinary.com/lmru/image/upload/f_auto,q_auto,w_1200,h_1200,c_pad,b_white,d_photoiscoming.png/LMCode/82633861_02.jpg', 'https://res.cloudinary.com/lmru/image/upload/f_auto,q_auto,w_82,h_82,c_pad,b_white,d_photoiscoming.png/LMCode/82633861_i.jpg', 'https://res.cloudinary.com/lmru/image/upload/f_auto,q_auto,w_1200,h_1200,c_pad,b_white,d_photoiscoming.png/LMCode/82633861_i.jpg']"
610998b4254c6027f59c7488,"{'Основа': 'Флизелин', 'Материал верхнего слоя обоев': 'Винил горячего тиснения', 'Ширина (м)': '1.06', 'Назначение': 'Гостиная, Спальня, Офис, Гардеробная', 'Цветовая палитра': 'Бежевый', 'Цвет': 'Бежевый', 'Раппорт (см)': '64', 'Рисунок': 'Штукатурка', 'Стиль': 'Шарм', 'Уход': 'Моющийся', 'Покрытие': 'Блёстки', 'Рельеф': 'Структурный', 'Тип продукта': 'Обои', 'Тип клея': 'Флизелин', 'Тип соединения': 'С подбором рисунка', 'Страна производства': 'Россия', 'Марка': 'ATELIERO', 'Модель продукта': '989132', 'Длина (м)': '10.0', 'Коллекция': 'Alicante', 'Класс пожарной безопасности (российский стандарт)': 'KM3', 'Устойчивость к воздействию солнечного света': 'Средний', 'Тип упаковки': 'Термоусадочная упаковка', 'Вес, кг': '3.047'}",Обои флизелиновые Alicante бежевые 1.06 м 989132,"['https://res.cloudinary.com/lmru/image/upload/f_auto,q_auto,w_82,h_82,c_pad,b_white,d_photoiscoming.png/LMCode/84897581.jpg', 'https://res.cloudinary.com/lmru/image/upload/f_auto,q_auto,w_1200,h_1200,c_pad,b_white,d_photoiscoming.png/LMCode/84897581.jpg', 'https://res.cloudinary.com/lmru/image/upload/f_auto,q_auto,w_82,h_82,c_pad,b_white,d_photoiscoming.png/LMCode/84897581_01.jpg', 'https://res.cloudinary.com/lmru/image/upload/f_auto,q_auto,w_1200,h_1200,c_pad,b_white,d_photoiscoming.png/LMCode/84897581_01.jpg', 'https://res.cloudinary.com/lmru/image/upload/f_auto,q_auto,w_82,h_82,c_pad,b_white,d_photoiscoming.png/LMCode/84897581_i_03.jpg', 'https://res.cloudinary.com/lmru/image/upload/f_auto,q_auto,w_1200,h_1200,c_pad,b_white,d_photoiscoming.png/LMCode/84897581_i_03.jpg', 'https://res.cloudinary.com/lmru/image/upload/f_auto,q_auto,w_82,h_82,c_pad,b_white,d_photoiscoming.png/LMCode/84897581_i_04.jpg', 'https://res.cloudinary.com/lmru/image/upload/f_auto,q_auto,w_1200,h_1200,c_pad,b_white,d_photoiscoming.png/LMCode/84897581_i_04.jpg']"
610998b4254c6027f59c7489,"{'Основа': 'Флизелин', 'Материал верхнего слоя обоев': 'Флизелин', 'Ширина (м)': '1.06', 'Назначение': 'Гостиная, Спальня, Офис, Гардеробная', 'Цветовая палитра': 'Бежевый', 'Цвет': 'Бежевый', 'Уход': 'Моющийся', 'Покрытие': 'Блёстки', 'Тип продукта': 'Обои', 'Тип клея': 'Флизелин', 'Тип соединения': 'С подбором рисунка', 'Страна производства': 'Россия', 'Марка': 'INSPIRE', 'Модель продукта': 'E19116', 'Длина (м)': '10.0', 'Коллекция': 'Натали', 'Устойчивость к воздействию солнечного света': 'Низкий', 'Тип упаковки': 'Термоусадочная упаковка', 'Вес, кг': '2.5'}",Обои флизелиновые Inspire бежевые 1.06 м E 19116,"['https://res.cloudinary.com/lmru/image/upload/f_auto,q_auto,w_82,h_82,c_pad,b_white,d_photoiscoming.png/LMCode/82622800.jpg', 'https://res.cloudinary.com/lmru/image/upload/f_auto,q_auto,w_1200,h_1200,c_pad,b_white,d_photoiscoming.png/LMCode/82622800.jpg', 'https://res.cloudinary.com/lmru/image/upload/f_auto,q_auto,w_82,h_82,c_pad,b_white,d_photoiscoming.png/LMCode/82622800_02.jpg', 'https://res.cloudinary.com/lmru/image/upload/f_auto,q_auto,w_1200,h_1200,c_pad,b_white,d_photoiscoming.png/LMCode/82622800_02.jpg', 'https://res.cloudinary.com/lmru/image/upload/f_auto,q_auto,w_82,h_82,c_pad,b_white,d_photoiscoming.png/LMCode/82622800_i.jpg', 'https://res.cloudinary.com/lmru/image/upload/f_auto,q_auto,w_1200,h_1200,c_pad,b_white,d_photoiscoming.png/LMCode/82622800_i.jpg']"
610998b5254c6027f59c748a,"{'Основа': 'Флизелин', 'Материал верхнего слоя обоев': 'Винил горячего тиснения', 'Ширина (м)': '1.06', 'Назначение': 'Детская комната, Гостиная, Спальня, Офис, Гардеробная, Кухня', 'Цветовая палитра': 'Бежевый', 'Цвет': 'Бежевый', 'Раппорт (см)': '64', 'Рисунок': 'Абстрактный', 'Стиль': 'Дизайнерский', 'Уход': 'Моющийся', 'Покрытие': 'Перламутровый', 'Рельеф': 'Структурный', 'Тип продукта': 'Обои', 'Тип клея': 'Флизелин', 'Тип соединения': 'С подбором рисунка', 'Страна производства': 'Россия', 'Марка': 'АСПЕКТ РУ', 'Модель продукта': 'Обои', 'Длина (м)': '10.0', 'Коллекция': 'Калейдоскоп', 'Класс пожарной безопасности (российский стандарт)': 'КМ2', 'Устойчивость к воздействию солнечного света': 'Высокая прочность', 'Тип упаковки': 'Термоусадочная упаковка', 'Вес, кг': '2.547'}",Обои флизелиновые Аспект Ру Калейдоскоп бежевые 1.06 м 70281-12,"['https://res.cloudinary.com/lmru/image/upload/f_auto,q_auto,w_82,h_82,c_pad,b_white,d_photoiscoming.png/LMCode/83235922.jpg', 'https://res.cloudinary.com/lmru/image/upload/f_auto,q_auto,w_1200,h_1200,c_pad,b_white,d_photoiscoming.png/LMCode/83235922.jpg', 'https://res.cloudinary.com/lmru/image/upload/f_auto,q_auto,w_82,h_82,c_pad,b_white,d_photoiscoming.png/LMCode/83235922_01.jpg', 'https://res.cloudinary.com/lmru/image/upload/f_auto,q_auto,w_1200,h_1200,c_pad,b_white,d_photoiscoming.png/LMCode/83235922_01.jpg', 'https://res.cloudinary.com/lmru/image/upload/f_auto,q_auto,w_82,h_82,c_pad,b_white,d_photoiscoming.png/LMCode/83235922_i.jpg', 'https://res.cloudinary.com/lmru/image/upload/f_auto,q_auto,w_1200,h_1200,c_pad,b_white,d_photoiscoming.png/LMCode/83235922_i.jpg', 'https://res.cloudinary.com/lmru/image/upload/f_auto,q_auto,w_82,h_82,c_pad,b_white,d_photoiscoming.png/LMCode/83235922_i_01.jpg', 'https://res.cloudinary.com/lmru/image/upload/f_auto,q_auto,w_1200,h_1200,c_pad,b_white,d_photoiscoming.png/LMCode/83235922_i_01.jpg']"
610998b5254c6027f59c748b,"{'Основа': 'Флизелин', 'Материал верхнего слоя обоев': 'Винил горячего тиснения', 'Ширина (м)': '1.06', 'Назначение': 'Гостиная, Спальня, Офис, Гардеробная', 'Цветовая палитра': 'Серый / Серебристый', 'Цвет': 'Серый', 'Раппорт (см)': '64', 'Рисунок': 'Однотонный', 'Уход': 'Моющийся', 'Покрытие': 'Матовый', 'Рельеф': 'Структурный', 'Тип продукта': 'Обои', 'Тип клея': 'Флизелин', 'Тип соединения': 'С подбором рисунка', 'Страна производства': 'Россия', 'Марка': 'ERISMANN', 'Модель продукта': '60150-04', 'Длина (м)': '10.0', 'Коллекция': 'Exclusive', 'Класс пожарной безопасности (российский стандарт)': 'KM3', 'Устойчивость к воздействию солнечного света': 'Высокая прочность', 'Тип упаковки': 'Термоусадочная упаковка', 'Вес, кг': '2.19'}",Обои флизелиновые Erismann Exclusive серые 1.06 м 60150-04,"['https://res.cloudinary.com/lmru/image/upload/f_auto,q_auto,w_82,h_82,c_pad,b_white,d_photoiscoming.png/LMCode/82633857.jpg', 'https://res.cloudinary.com/lmru/image/upload/f_auto,q_auto,w_1200,h_1200,c_pad,b_white,d_photoiscoming.png/LMCode/82633857.jpg', 'https://res.cloudinary.com/lmru/image/upload/f_auto,q_auto,w_82,h_82,c_pad,b_white,d_photoiscoming.png/LMCode/82633857_01.jpg', 'https://res.cloudinary.com/lmru/image/upload/f_auto,q_auto,w_1200,h_1200,c_pad,b_white,d_photoiscoming.png/LMCode/82633857_01.jpg', 'https://res.cloudinary.com/lmru/image/upload/f_auto,q_auto,w_82,h_82,c_pad,b_white,d_photoiscoming.png/LMCode/82633857_i.jpg', 'https://res.cloudinary.com/lmru/image/upload/f_auto,q_auto,w_1200,h_1200,c_pad,b_white,d_photoiscoming.png/LMCode/82633857_i.jpg']"
610998b5254c6027f59c748c,"{'Основа': 'Флизелин', 'Материал верхнего слоя обоев': 'Винил горячего тиснения', 'Ширина (м)': '1.06', 'Назначение': 'Гостиная, Спальня, Офис, Гардеробная', 'Цветовая палитра': 'Серый / Серебристый', 'Цвет': 'Серый', 'Раппорт (см)': '64', 'Рисунок': 'Однотонный', 'Уход': 'Моющийся', 'Покрытие': 'Матовый', 'Рельеф': 'Структурный', 'Тип продукта': 'Обои', 'Тип клея': 'Флизелин', 'Тип соединения': 'С подбором рисунка', 'Страна производства': 'Россия', 'Марка': 'INSPIRE', 'Модель продукта': '4348-17', 'Длина (м)': '10.0', 'Коллекция': 'Inspire loft', 'Устойчивость к воздействию солнечного света': 'Высокая прочность', 'Тип упаковки': 'Термоусадочная упаковка', 'Вес, кг': '2.662'}",Обои флизелиновые Inspire loft серые 1.06 м 4348-17,"['https://res.cloudinary.com/lmru/image/upload/f_auto,q_auto,w_82,h_82,c_pad,b_white,d_photoiscoming.png/LMCode/18879826.jpg', 'https://res.cloudinary.com/lmru/image/upload/f_auto,q_auto,w_1200,h_1200,c_pad,b_white,d_photoiscoming.png/LMCode/18879826.jpg', 'https://res.cloudinary.com/lmru/image/upload/f_auto,q_auto,w_82,h_82,c_pad,b_white,d_photoiscoming.png/LMCode/18879826_01.jpg', 'https://res.cloudinary.com/lmru/image/upload/f_auto,q_auto,w_1200,h_1200,c_pad,b_white,d_photoiscoming.png/LMCode/18879826_01.jpg', 'https://res.cloudinary.com/lmru/image/upload/f_auto,q_auto,w_82,h_82,c_pad,b_white,d_photoiscoming.png/LMCode/18879826_10.jpg', 'https://res.cloudinary.com/lmru/image/upload/f_auto,q_auto,w_1200,h_1200,c_pad,b_white,d_photoiscoming.png/LMCode/18879826_10.jpg', 'https://res.cloudinary.com/lmru/image/upload/f_auto,q_auto,w_82,h_82,c_pad,b_white,d_photoiscoming.png/LMCode/18879826_i.jpg', 'https://res.cloudinary.com/lmru/image/upload/f_auto,q_auto,w_1200,h_1200,c_pad,b_white,d_photoiscoming.png/LMCode/18879826_i.jpg']"
610998b6254c6027f59c748d,"{'Основа': 'Флизелин', 'Материал верхнего слоя обоев': 'Винил горячего тиснения', 'Ширина (м)': '1.06', 'Назначение': 'Гостиная, Спальня, Офис, Гардеробная', 'Цветовая палитра': 'Серый / Серебристый', 'Цвет': 'Серо-розовый', 'Раппорт (см)': '0', 'Рисунок': 'Штукатурка', 'Уход': 'Моющийся', 'Покрытие': 'Матовый', 'Рельеф': 'Гладкий', 'Тип продукта': 'Обои', 'Тип клея': 'Флизелин', 'Тип соединения': 'Без подбора рисунка', 'Страна производства': 'Россия', 'Марка': 'АРТЕКС', 'Модель продукта': '10279-06', 'Длина (м)': '10.0', 'Коллекция': 'Аркада', 'Класс пожарной безопасности (российский стандарт)': 'КМ2', 'Устойчивость к воздействию солнечного света': 'Высокая прочность', 'Тип упаковки': 'Термоусадочная упаковка', 'Вес, кг': '2.235'}",Обои флизелиновые Артекс Аркада серо-розовые 1.06 м 10279-06,"['https://res.cloudinary.com/lmru/image/upload/f_auto,q_auto,w_82,h_82,c_pad,b_white,d_photoiscoming.png/LMCode/82637378.jpg', 'https://res.cloudinary.com/lmru/image/upload/f_auto,q_auto,w_1200,h_1200,c_pad,b_white,d_photoiscoming.png/LMCode/82637378.jpg', 'https://res.cloudinary.com/lmru/image/upload/f_auto,q_auto,w_82,h_82,c_pad,b_white,d_photoiscoming.png/LMCode/82637378_01.jpg', 'https://res.cloudinary.com/lmru/image/upload/f_auto,q_auto,w_1200,h_1200,c_pad,b_white,d_photoiscoming.png/LMCode/82637378_01.jpg', 'https://res.cloudinary.com/lmru/image/upload/f_auto,q_auto,w_82,h_82,c_pad,b_white,d_photoiscoming.png/LMCode/82637378_02.jpg', 'https://res.cloudinary.com/lmru/image/upload/f_auto,q_auto,w_1200,h_1200,c_pad,b_white,d_photoiscoming.png/LMCode/82637378_02.jpg', 'https://res.cloudinary.com/lmru/image/upload/f_auto,q_auto,w_82,h_82,c_pad,b_white,d_photoiscoming.png/LMCode/82637378_i.jpg', 'https://res.cloudinary.com/lmru/image/upload/f_auto,q_auto,w_1200,h_1200,c_pad,b_white,d_photoiscoming.png/LMCode/82637378_i.jpg', 'https://res.cloudinary.com/lmru/image/upload/f_auto,q_auto,w_82,h_82,c_pad,b_white,d_photoiscoming.png/LMCode/82637378_i_01.jpg', 'https://res.cloudinary.com/lmru/image/upload/f_auto,q_auto,w_1200,h_1200,c_pad,b_white,d_photoiscoming.png/LMCode/82637378_i_01.jpg']"
610998b6254c6027f59c748e,"{'Основа': 'Флизелин', 'Материал верхнего слоя обоев': 'Винил горячего тиснения', 'Ширина (м)': '1.06', 'Назначение': 'Гостиная, Спальня, Офис, Гардеробная', 'Цветовая палитра': 'Белый', 'Цвет': 'Белый', 'Раппорт (см)': '64', 'Рисунок': 'Штукатурка', 'Стиль': 'Шарм', 'Уход': 'Моющийся', 'Покрытие': 'Блёстки', 'Рельеф': 'Структурный', 'Тип продукта': 'Обои', 'Тип клея': 'Флизелин', 'Тип соединения': 'С подбором рисунка', 'Страна производства': 'Россия', 'Марка': 'ATELIERO', 'Модель продукта': '989131', 'Длина (м)': '10.0', 'Коллекция': 'Alicante', 'Класс пожарной безопасности (российский стандарт)': 'KM3', 'Устойчивость к воздействию солнечного света': 'Средний', 'Тип упаковки': 'Термоусадочная упаковка', 'Вес, кг': '2.944'}",Обои флизелиновые Alicante белые 1.06 м 989131,"['https://res.cloudinary.com/lmru/image/upload/f_auto,q_auto,w_82,h_82,c_pad,b_white,d_photoiscoming.png/LMCode/84897151.jpg', 'https://res.cloudinary.com/lmru/image/upload/f_auto,q_auto,w_1200,h_1200,c_pad,b_white,d_photoiscoming.png/LMCode/84897151.jpg', 'https://res.cloudinary.com/lmru/image/upload/f_auto,q_auto,w_82,h_82,c_pad,b_white,d_photoiscoming.png/LMCode/84897151_01.jpg', 'https://res.cloudinary.com/lmru/image/upload/f_auto,q_auto,w_1200,h_1200,c_pad,b_white,d_photoiscoming.png/LMCode/84897151_01.jpg', 'https://res.cloudinary.com/lmru/image/upload/f_auto,q_auto,w_82,h_82,c_pad,b_white,d_photoiscoming.png/LMCode/84897151_i_03.jpg', 'https://res.cloudinary.com/lmru/image/upload/f_auto,q_auto,w_1200,h_1200,c_pad,b_white,d_photoiscoming.png/LMCode/84897151_i_03.jpg', 'https://res.cloudinary.com/lmru/image/upload/f_auto,q_auto,w_82,h_82,c_pad,b_white,d_photoiscoming.png/LMCode/84897151_i_04.jpg', 'https://res.cloudinary.com/lmru/image/upload/f_auto,q_auto,w_1200,h_1200,c_pad,b_white,d_photoiscoming.png/LMCode/84897151_i_04.jpg']"
610998b6254c6027f59c748f,"{'Основа': 'Флизелин', 'Материал верхнего слоя обоев': 'Винил горячего тиснения', 'Ширина (м)': '1.06', 'Назначение': 'Гостиная, Спальня, Офис, Гардеробная', 'Цветовая палитра': 'Коричневый', 'Цвет': 'Коричневый', 'Раппорт (см)': '64', 'Рисунок': 'Штукатурка', 'Стиль': 'Шарм', 'Уход': 'Моющийся', 'Покрытие': 'Блёстки', 'Рельеф': 'Структурный', 'Тип продукта': 'Обои', 'Тип клея': 'Флизелин', 'Тип соединения': 'С подбором рисунка', 'Страна производства': 'Россия', 'Марка': 'ATELIERO', 'Модель продукта': '989138', 'Длина (м)': '10.0', 'Коллекция': 'Alicante', 'Класс пожарной безопасности (российский стандарт)': 'KM3', 'Устойчивость к воздействию солнечного света': 'Средний', 'Тип упаковки': 'Термоусадочная упаковка', 'Вес, кг': '3.029'}",Обои флизелиновые Alicante коричневые 1.06 м 989138,"['https://res.cloudinary.com/lmru/image/upload/f_auto,q_auto,w_82,h_82,c_pad,b_white,d_photoiscoming.png/LMCode/84897606.jpg', 'https://res.cloudinary.com/lmru/image/upload/f_auto,q_auto,w_1200,h_1200,c_pad,b_white,d_photoiscoming.png/LMCode/84897606.jpg', 'https://res.cloudinary.com/lmru/image/upload/f_auto,q_auto,w_82,h_82,c_pad,b_white,d_photoiscoming.png/LMCode/84897606_01.jpg', 'https://res.cloudinary.com/lmru/image/upload/f_auto,q_auto,w_1200,h_1200,c_pad,b_white,d_photoiscoming.png/LMCode/84897606_01.jpg', 'https://res.cloudinary.com/lmru/image/upload/f_auto,q_auto,w_82,h_82,c_pad,b_white,d_photoiscoming.png/LMCode/84897606_i_03.jpg', 'https://res.cloudinary.com/lmru/image/upload/f_auto,q_auto,w_1200,h_1200,c_pad,b_white,d_photoiscoming.png/LMCode/84897606_i_03.jpg', 'https://res.cloudinary.com/lmru/image/upload/f_auto,q_auto,w_82,h_82,c_pad,b_white,d_photoiscoming.png/LMCode/84897606_i_04.jpg', 'https://res.cloudinary.com/lmru/image/upload/f_auto,q_auto,w_1200,h_1200,c_pad,b_white,d_photoiscoming.png/LMCode/84897606_i_04.jpg']"
610998b6254c6027f59c7490,"{'Основа': 'Флизелин', 'Материал верхнего слоя обоев': 'Винил горячего тиснения', 'Ширина (м)': '1.06', 'Назначение': 'Детская комната, Гостиная, Спальня, Офис, Гардеробная, Кухня', 'Цветовая палитра': 'Серый / Серебристый', 'Цвет': 'Серый', 'Раппорт (см)': '64', 'Рисунок': 'Абстрактный', 'Стиль': 'Дизайнерский', 'Уход': 'Моющийся', 'Покрытие': 'Перламутровый', 'Рельеф': 'Структурный', 'Тип продукта': 'Обои', 'Тип клея': 'Флизелин', 'Тип соединения': 'С подбором рисунка', 'Страна производства': 'Россия', 'Марка': 'АСПЕКТ РУ', 'Модель продукта': 'Обои', 'Длина (м)': '10.0', 'Коллекция': 'Калейдоскоп', 'Класс пожарной безопасности (российский стандарт)': 'КМ2', 'Устойчивость к воздействию солнечного света': 'Высокая прочность', 'Тип упаковки': 'Термоусадочная упаковка', 'Вес, кг': '2.618'}",Обои флизелиновые Аспект Ру Калейдоскоп серые 1.06 м 70281-14,"['https://res.cloudinary.com/lmru/image/upload/f_auto,q_auto,w_82,h_82,c_pad,b_white,d_photoiscoming.png/LMCode/83235919.jpg', 'https://res.cloudinary.com/lmru/image/upload/f_auto,q_auto,w_1200,h_1200,c_pad,b_white,d_photoiscoming.png/LMCode/83235919.jpg', 'https://res.cloudinary.com/lmru/image/upload/f_auto,q_auto,w_82,h_82,c_pad,b_white,d_photoiscoming.png/LMCode/83235919_01.jpg', 'https://res.cloudinary.com/lmru/image/upload/f_auto,q_auto,w_1200,h_1200,c_pad,b_white,d_photoiscoming.png/LMCode/83235919_01.jpg', 'https://res.cloudinary.com/lmru/image/upload/f_auto,q_auto,w_82,h_82,c_pad,b_white,d_photoiscoming.png/LMCode/83235919_i.jpg', 'https://res.cloudinary.com/lmru/image/upload/f_auto,q_auto,w_1200,h_1200,c_pad,b_white,d_photoiscoming.png/LMCode/83235919_i.jpg', 'https://res.cloudinary.com/lmru/image/upload/f_auto,q_auto,w_82,h_82,c_pad,b_white,d_photoiscoming.png/LMCode/83235919_i_01.jpg', 'https://res.cloudinary.com/lmru/image/upload/f_auto,q_auto,w_1200,h_1200,c_pad,b_white,d_photoiscoming.png/LMCode/83235919_i_01.jpg']"
610998b6254c6027f59c7491,"{'Основа': 'Флизелин', 'Материал верхнего слоя обоев': 'Винил горячего тиснения', 'Ширина (м)': '1.06', 'Назначение': 'Гостиная, Спальня, Офис, Гардеробная', 'Цветовая палитра': 'Серый / Серебристый', 'Цвет': 'Светло-серый', 'Раппорт (см)': '0', 'Рисунок': 'Однотонный', 'Стиль': 'Природный', 'Уход': 'Моющийся', 'Покрытие': 'Матовый', 'Рельеф': 'Структурный', 'Тип продукта': 'Обои', 'Тип клея': 'Флизелин', 'Тип соединения': 'Без подбора рисунка', 'Страна производства': 'Россия', 'Марка': 'ATELIERO', 'Модель продукта': '889107', 'Длина (м)': '10', 'Коллекция': 'Provance', 'Класс пожарной безопасности (российский стандарт)': 'KM3', 'Устойчивость к воздействию солнечного света': 'Средний', 'Тип упаковки': 'Термоусадочная упаковка', 'Вес, кг': '2.513'}",Обои флизелиновые Ateliero Provance серые 1.06 м 889107,"['https://res.cloudinary.com/lmru/image/upload/f_auto,q_auto,w_82,h_82,c_pad,b_white,d_photoiscoming.png/LMCode/82474815.jpg', 'https://res.cloudinary.com/lmru/image/upload/f_auto,q_auto,w_1200,h_1200,c_pad,b_white,d_photoiscoming.png/LMCode/82474815.jpg', 'https://res.cloudinary.com/lmru/image/upload/f_auto,q_auto,w_82,h_82,c_pad,b_white,d_photoiscoming.png/LMCode/82474815_01.jpg', 'https://res.cloudinary.com/lmru/image/upload/f_auto,q_auto,w_1200,h_1200,c_pad,b_white,d_photoiscoming.png/LMCode/82474815_01.jpg', 'https://res.cloudinary.com/lmru/image/upload/f_auto,q_auto,w_82,h_82,c_pad,b_white,d_photoiscoming.png/LMCode/82474815_i.jpg', 'https://res.cloudinary.com/lmru/image/upload/f_auto,q_auto,w_1200,h_1200,c_pad,b_white,d_photoiscoming.png/LMCode/82474815_i.jpg', 'https://res.cloudinary.com/lmru/image/upload/f_auto,q_auto,w_82,h_82,c_pad,b_white,d_photoiscoming.png/LMCode/82474815_i_01.jpg', 'https://res.cloudinary.com/lmru/image/upload/f_auto,q_auto,w_1200,h_1200,c_pad,b_white,d_photoiscoming.png/LMCode/82474815_i_01.jpg']"
610998b6254c6027f59c7492,"{'Основа': 'Флизелин', 'Материал верхнего слоя обоев': 'Винил горячего тиснения', 'Ширина (м)': '1.06', 'Назначение': 'Гостиная, Спальня, Офис, Гардеробная', 'Цветовая палитра': 'Белый', 'Цвет': 'Белый', 'Раппорт (см)': '64', 'Рисунок': 'Однотонный', 'Уход': 'Моющийся', 'Покрытие': 'Матовый', 'Рельеф': 'Структурный', 'Тип продукта': 'Обои', 'Тип клея': 'Флизелин', 'Тип соединения': 'С подбором рисунка', 'Страна производства': 'Россия', 'Марка': 'ERISMANN', 'Модель продукта': '60150-02', 'Длина (м)': '10.0', 'Коллекция': 'Exclusive', 'Класс пожарной безопасности (российский стандарт)': 'KM3', 'Устойчивость к воздействию солнечного света': 'Высокая прочность', 'Тип упаковки': 'Термоусадочная упаковка', 'Вес, кг': '2.278'}",Обои флизелиновые Erismann Exclusive белые 1.06 м 60150-02,"['https://res.cloudinary.com/lmru/image/upload/f_auto,q_auto,w_82,h_82,c_pad,b_white,d_photoiscoming.png/LMCode/82633849.jpg', 'https://res.cloudinary.com/lmru/image/upload/f_auto,q_auto,w_1200,h_1200,c_pad,b_white,d_photoiscoming.png/LMCode/82633849.jpg', 'https://res.cloudinary.com/lmru/image/upload/f_auto,q_auto,w_82,h_82,c_pad,b_white,d_photoiscoming.png/LMCode/82633849_01.jpg', 'https://res.cloudinary.com/lmru/image/upload/f_auto,q_auto,w_1200,h_1200,c_pad,b_white,d_photoiscoming.png/LMCode/82633849_01.jpg', 'https://res.cloudinary.com/lmru/image/upload/f_auto,q_auto,w_82,h_82,c_pad,b_white,d_photoiscoming.png/LMCode/82633849_i.jpg', 'https://res.cloudinary.com/lmru/image/upload/f_auto,q_auto,w_1200,h_1200,c_pad,b_white,d_photoiscoming.png/LMCode/82633849_i.jpg']"
610998b7254c6027f59c7493,"{'Основа': 'Флизелин', 'Материал верхнего слоя обоев': 'Вспененный винил', 'Ширина (м)': '1.06', 'Назначение': 'Гостиная, Спальня, Офис, Гардеробная', 'Цветовая палитра': 'Серый / Серебристый', 'Цвет': 'Серый', 'Раппорт (см)': '64', 'Рисунок': 'Штукатурка', 'Стиль': 'Дизайнерский', 'Уход': 'Моющийся', 'Покрытие': 'Матовый', 'Рельеф': 'Структурный', 'Тип продукта': 'Обои', 'Тип клея': 'Флизелин', 'Тип соединения': 'Без подбора рисунка', 'Страна производства': 'Россия', 'Марка': 'ELYSIUM', 'Модель продукта': 'Е67009', 'Длина (м)': '10.0', 'Коллекция': 'Шпалеры', 'Класс пожарной безопасности (российский стандарт)': 'КМ2', 'Устойчивость к воздействию солнечного света': 'Высокая прочность', 'Тип упаковки': 'Термоусадочная упаковка', 'Вес, кг': '1.495'}",Обои флизелиновые Elysium Шпалеры серые 1.06 м Е67009,"['https://res.cloudinary.com/lmru/image/upload/f_auto,q_auto,w_82,h_82,c_pad,b_white,d_photoiscoming.png/LMCode/18868588.jpg', 'https://res.cloudinary.com/lmru/image/upload/f_auto,q_auto,w_1200,h_1200,c_pad,b_white,d_photoiscoming.png/LMCode/18868588.jpg', 'https://res.cloudinary.com/lmru/image/upload/f_auto,q_auto,w_82,h_82,c_pad,b_white,d_photoiscoming.png/LMCode/18868588_01.jpg', 'https://res.cloudinary.com/lmru/image/upload/f_auto,q_auto,w_1200,h_1200,c_pad,b_white,d_photoiscoming.png/LMCode/18868588_01.jpg', 'https://res.cloudinary.com/lmru/image/upload/f_auto,q_auto,w_82,h_82,c_pad,b_white,d_photoiscoming.png/LMCode/18868588_i.jpg', 'https://res.cloudinary.com/lmru/image/upload/f_auto,q_auto,w_1200,h_1200,c_pad,b_white,d_photoiscoming.png/LMCode/18868588_i.jpg']"
610998b7254c6027f59c7494,"{'Основа': 'Флизелин', 'Материал верхнего слоя обоев': 'Винил горячего тиснения', 'Ширина (м)': '1.06', 'Назначение': 'Гостиная, Спальня, Офис, Гардеробная', 'Цветовая палитра': 'Серый / Серебристый', 'Цвет': 'Фиолетовый, зеленый', 'Раппорт (см)': '64', 'Рисунок': 'Геометрический', 'Стиль': 'Нео-классика', 'Уход': 'Моющийся', 'Покрытие': 'Матовый', 'Рельеф': 'Структурный', 'Тип продукта': 'Обои', 'Тип клея': 'Флизелин', 'Тип соединения': 'С подбором рисунка', 'Страна производства': 'Россия', 'Марка': 'MONTE SOLARO', 'Модель продукта': '9067-11', 'Длина (м)': '10.0', 'Коллекция': 'Samui', 'Класс пожарной безопасности (российский стандарт)': 'KM3', 'Устойчивость к воздействию солнечного света': 'Средний', 'Тип упаковки': 'Термоусадочная упаковка', 'Вес, кг': '2.688'}",Обои флизелиновые Monte Solaro Samui серые 1.06 м 9067-11,"['https://res.cloudinary.com/lmru/image/upload/f_auto,q_auto,w_82,h_82,c_pad,b_white,d_photoiscoming.png/LMCode/83236233.jpg', 'https://res.cloudinary.com/lmru/image/upload/f_auto,q_auto,w_1200,h_1200,c_pad,b_white,d_photoiscoming.png/LMCode/83236233.jpg', 'https://res.cloudinary.com/lmru/image/upload/f_auto,q_auto,w_82,h_82,c_pad,b_white,d_photoiscoming.png/LMCode/83236233_01.jpg', 'https://res.cloudinary.com/lmru/image/upload/f_auto,q_auto,w_1200,h_1200,c_pad,b_white,d_photoiscoming.png/LMCode/83236233_01.jpg', 'https://res.cloudinary.com/lmru/image/upload/f_auto,q_auto,w_82,h_82,c_pad,b_white,d_photoiscoming.png/LMCode/83236233_i.jpg', 'https://res.cloudinary.com/lmru/image/upload/f_auto,q_auto,w_1200,h_1200,c_pad,b_white,d_photoiscoming.png/LMCode/83236233_i.jpg', 'https://res.cloudinary.com/lmru/image/upload/f_auto,q_auto,w_82,h_82,c_pad,b_white,d_photoiscoming.png/LMCode/83236233_i_01.jpg', 'https://res.cloudinary.com/lmru/image/upload/f_auto,q_auto,w_1200,h_1200,c_pad,b_white,d_photoiscoming.png/LMCode/83236233_i_01.jpg', 'https://res.cloudinary.com/lmru/image/upload/f_auto,q_auto,w_82,h_82,c_pad,b_white,d_photoiscoming.png/LMCode/83236233_i_02.jpg', 'https://res.cloudinary.com/lmru/image/upload/f_auto,q_auto,w_1200,h_1200,c_pad,b_white,d_photoiscoming.png/LMCode/83236233_i_02.jpg', 'https://res.cloudinary.com/lmru/image/upload/f_auto,q_auto,w_82,h_82,c_pad,b_white,d_photoiscoming.png/LMCode/83236233_i_03.jpg', 'https://res.cloudinary.com/lmru/image/upload/f_auto,q_auto,w_1200,h_1200,c_pad,b_white,d_photoiscoming.png/LMCode/83236233_i_03.jpg']"
610998b7254c6027f59c7495,"{'Основа': 'Флизелин', 'Материал верхнего слоя обоев': 'Винил горячего тиснения', 'Ширина (м)': '1.06', 'Назначение': 'Гостиная, Спальня, Офис, Гардеробная', 'Цветовая палитра': 'Черный', 'Цвет': 'Коричневый', 'Раппорт (см)': '64', 'Рисунок': 'Геометрический', 'Стиль': 'Нео-классика', 'Уход': 'Моющийся', 'Покрытие': 'Матовый', 'Рельеф': 'Структурный', 'Тип продукта': 'Обои', 'Тип клея': 'Флизелин', 'Тип соединения': 'С подбором рисунка', 'Страна производства': 'Россия', 'Марка': 'MONTE SOLARO', 'Модель продукта': '9067-22', 'Длина (м)': '10.0', 'Коллекция': 'Samui', 'Класс пожарной безопасности (российский стандарт)': 'KM3', 'Устойчивость к воздействию солнечного света': 'Средний', 'Тип упаковки': 'Термоусадочная упаковка', 'Вес, кг': '2.748'}",Обои флизелиновые Monte Solaro Samui чёрные 1.06 м 9067-22,"['https://res.cloudinary.com/lmru/image/upload/f_auto,q_auto,w_82,h_82,c_pad,b_white,d_photoiscoming.png/LMCode/83236222.jpg', 'https://res.cloudinary.com/lmru/image/upload/f_auto,q_auto,w_1200,h_1200,c_pad,b_white,d_photoiscoming.png/LMCode/83236222.jpg', 'https://res.cloudinary.com/lmru/image/upload/f_auto,q_auto,w_82,h_82,c_pad,b_white,d_photoiscoming.png/LMCode/83236222_01.jpg', 'https://res.cloudinary.com/lmru/image/upload/f_auto,q_auto,w_1200,h_1200,c_pad,b_white,d_photoiscoming.png/LMCode/83236222_01.jpg', 'https://res.cloudinary.com/lmru/image/upload/f_auto,q_auto,w_82,h_82,c_pad,b_white,d_photoiscoming.png/LMCode/83236222_i.jpg', 'https://res.cloudinary.com/lmru/image/upload/f_auto,q_auto,w_1200,h_1200,c_pad,b_white,d_photoiscoming.png/LMCode/83236222_i.jpg', 'https://res.cloudinary.com/lmru/image/upload/f_auto,q_auto,w_82,h_82,c_pad,b_white,d_photoiscoming.png/LMCode/83236222_i_01.jpg', 'https://res.cloudinary.com/lmru/image/upload/f_auto,q_auto,w_1200,h_1200,c_pad,b_white,d_photoiscoming.png/LMCode/83236222_i_01.jpg', 'https://res.cloudinary.com/lmru/image/upload/f_auto,q_auto,w_82,h_82,c_pad,b_white,d_photoiscoming.png/LMCode/83236222_i_02.jpg', 'https://res.cloudinary.com/lmru/image/upload/f_auto,q_auto,w_1200,h_1200,c_pad,b_white,d_photoiscoming.png/LMCode/83236222_i_02.jpg', 'https://res.cloudinary.com/lmru/image/upload/f_auto,q_auto,w_82,h_82,c_pad,b_white,d_photoiscoming.png/LMCode/83236222_i_03.jpg', 'https://res.cloudinary.com/lmru/image/upload/f_auto,q_auto,w_1200,h_1200,c_pad,b_white,d_photoiscoming.png/LMCode/83236222_i_03.jpg']"
610998b7254c6027f59c7496,"{'Основа': 'Флизелин', 'Материал верхнего слоя обоев': 'Винил горячего тиснения', 'Ширина (м)': '1.06', 'Назначение': 'Гостиная, Спальня, Офис, Гардеробная', 'Цветовая палитра': 'Серый / Серебристый', 'Цвет': 'Светло-серый', 'Раппорт (см)': '0', 'Рисунок': 'Штукатурка', 'Уход': 'Моющийся', 'Покрытие': 'Матовый', 'Рельеф': 'Гладкий', 'Тип продукта': 'Обои', 'Тип клея': 'Флизелин', 'Тип соединения': 'Без подбора рисунка', 'Страна производства': 'Россия', 'Марка': 'АРТЕКС', 'Модель продукта': '10279-05', 'Длина (м)': '10.0', 'Коллекция': 'Аркада', 'Класс пожарной безопасности (российский стандарт)': 'КМ2', 'Устойчивость к воздействию солнечного света': 'Высокая прочность', 'Тип упаковки': 'Термоусадочная упаковка', 'Вес, кг': '2.245'}",Обои флизелиновые Артекс Аркада серые 1.06 м 10279-05,"['https://res.cloudinary.com/lmru/image/upload/f_auto,q_auto,w_82,h_82,c_pad,b_white,d_photoiscoming.png/LMCode/82637375.jpg', 'https://res.cloudinary.com/lmru/image/upload/f_auto,q_auto,w_1200,h_1200,c_pad,b_white,d_photoiscoming.png/LMCode/82637375.jpg', 'https://res.cloudinary.com/lmru/image/upload/f_auto,q_auto,w_82,h_82,c_pad,b_white,d_photoiscoming.png/LMCode/82637375_01.jpg', 'https://res.cloudinary.com/lmru/image/upload/f_auto,q_auto,w_1200,h_1200,c_pad,b_white,d_photoiscoming.png/LMCode/82637375_01.jpg', 'https://res.cloudinary.com/lmru/image/upload/f_auto,q_auto,w_82,h_82,c_pad,b_white,d_photoiscoming.png/LMCode/82637375_02.jpg', 'https://res.cloudinary.com/lmru/image/upload/f_auto,q_auto,w_1200,h_1200,c_pad,b_white,d_photoiscoming.png/LMCode/82637375_02.jpg', 'https://res.cloudinary.com/lmru/image/upload/f_auto,q_auto,w_82,h_82,c_pad,b_white,d_photoiscoming.png/LMCode/82637375_i.jpg', 'https://res.cloudinary.com/lmru/image/upload/f_auto,q_auto,w_1200,h_1200,c_pad,b_white,d_photoiscoming.png/LMCode/82637375_i.jpg', 'https://res.cloudinary.com/lmru/image/upload/f_auto,q_auto,w_82,h_82,c_pad,b_white,d_photoiscoming.png/LMCode/82637375_i_01.jpg', 'https://res.cloudinary.com/lmru/image/upload/f_auto,q_auto,w_1200,h_1200,c_pad,b_white,d_photoiscoming.png/LMCode/82637375_i_01.jpg']"
610998b7254c6027f59c7497,"{'Основа': 'Флизелин', 'Материал верхнего слоя обоев': 'Винил горячего тиснения', 'Ширина (м)': '1.06', 'Назначение': 'Гостиная, Спальня, Офис, Гардеробная', 'Цветовая палитра': 'Бежевый', 'Цвет': 'Бежевый', 'Раппорт (см)': '64', 'Рисунок': 'Однотонный', 'Уход': 'Моющийся', 'Покрытие': 'Матовый', 'Рельеф': 'Структурный', 'Тип продукта': 'Обои', 'Тип клея': 'Флизелин', 'Тип соединения': 'Без подбора рисунка', 'Страна производства': 'Россия', 'Марка': 'ERISMANN', 'Модель продукта': '60150-03', 'Длина (м)': '10.0', 'Коллекция': 'Exclusive', 'Класс пожарной безопасности (российский стандарт)': 'KM3', 'Устойчивость к воздействию солнечного света': 'Высокая прочность', 'Тип упаковки': 'Термоусадочная упаковка', 'Вес, кг': '2.3'}",Обои флизелиновые Erismann Exclusive бежевые 1.06 м 60150-03,"['https://res.cloudinary.com/lmru/image/upload/f_auto,q_auto,w_82,h_82,c_pad,b_white,d_photoiscoming.png/LMCode/82633841.jpg', 'https://res.cloudinary.com/lmru/image/upload/f_auto,q_auto,w_1200,h_1200,c_pad,b_white,d_photoiscoming.png/LMCode/82633841.jpg', 'https://res.cloudinary.com/lmru/image/upload/f_auto,q_auto,w_82,h_82,c_pad,b_white,d_photoiscoming.png/LMCode/82633841_01.jpg', 'https://res.cloudinary.com/lmru/image/upload/f_auto,q_auto,w_1200,h_1200,c_pad,b_white,d_photoiscoming.png/LMCode/82633841_01.jpg', 'https://res.cloudinary.com/lmru/image/upload/f_auto,q_auto,w_82,h_82,c_pad,b_white,d_photoiscoming.png/LMCode/82633841_i.jpg', 'https://res.cloudinary.com/lmru/image/upload/f_auto,q_auto,w_1200,h_1200,c_pad,b_white,d_photoiscoming.png/LMCode/82633841_i.jpg']"
610998b7254c6027f59c7498,"{'Основа': 'Флизелин', 'Материал верхнего слоя обоев': 'Винил горячего тиснения', 'Ширина (м)': '1.06', 'Назначение': 'Гостиная, Спальня, Офис, Гардеробная', 'Цветовая палитра': 'Фиолетовый', 'Цвет': 'Фиолетовый', 'Раппорт (см)': '0', 'Рисунок': 'Однотонный', 'Стиль': 'Природный', 'Уход': 'Моющийся', 'Покрытие': 'Матовый', 'Рельеф': 'Структурный', 'Тип продукта': 'Обои', 'Тип клея': 'Флизелин', 'Тип соединения': 'Без подбора рисунка', 'Страна производства': 'Россия', 'Марка': 'VOG COLLECTION', 'Модель продукта': '90078-54', 'Длина (м)': '10.0', 'Коллекция': 'Венский лес', 'Класс пожарной безопасности (российский стандарт)': 'KM3', 'Устойчивость к воздействию солнечного света': 'Высокая прочность', 'Тип упаковки': 'Термоусадочная упаковка', 'Вес, кг': '2.514'}",Обои флизелиновые Vog Collection Венский лес фиолетовые 1.06 м 90078-54,"['https://res.cloudinary.com/lmru/image/upload/f_auto,q_auto,w_82,h_82,c_pad,b_white,d_photoiscoming.png/LMCode/82638512.jpg', 'https://res.cloudinary.com/lmru/image/upload/f_auto,q_auto,w_1200,h_1200,c_pad,b_white,d_photoiscoming.png/LMCode/82638512.jpg', 'https://res.cloudinary.com/lmru/image/upload/f_auto,q_auto,w_82,h_82,c_pad,b_white,d_photoiscoming.png/LMCode/82638512_01.jpg', 'https://res.cloudinary.com/lmru/image/upload/f_auto,q_auto,w_1200,h_1200,c_pad,b_white,d_photoiscoming.png/LMCode/82638512_01.jpg', 'https://res.cloudinary.com/lmru/image/upload/f_auto,q_auto,w_82,h_82,c_pad,b_white,d_photoiscoming.png/LMCode/82638512_02.jpg', 'https://res.cloudinary.com/lmru/image/upload/f_auto,q_auto,w_1200,h_1200,c_pad,b_white,d_photoiscoming.png/LMCode/82638512_02.jpg', 'https://res.cloudinary.com/lmru/image/upload/f_auto,q_auto,w_82,h_82,c_pad,b_white,d_photoiscoming.png/LMCode/82638512_i_02.jpg', 'https://res.cloudinary.com/lmru/image/upload/f_auto,q_auto,w_1200,h_1200,c_pad,b_white,d_photoiscoming.png/LMCode/82638512_i_02.jpg', 'https://res.cloudinary.com/lmru/image/upload/f_auto,q_auto,w_82,h_82,c_pad,b_white,d_photoiscoming.png/LMCode/82638512_i_03.jpg', 'https://res.cloudinary.com/lmru/image/upload/f_auto,q_auto,w_1200,h_1200,c_pad,b_white,d_photoiscoming.png/LMCode/82638512_i_03.jpg']"
